{"cameraMode":{"drawMode":0,"name":"Shaded","section":"Shading Mode"},"sceneLighting":true,"audioPlay":false,"sceneViewState":{"showFog":true,"showMaterialUpdate":false,"showSkybox":true,"showFlares":true,"showImageEffects":true,"showParticleSystems":true,"showVisualEffectGraphs":true,"m_FxEnabled":true},"in2DMode":false,"pivot":{"x":1.179260015487671,"y":1.0950855016708375,"z":0.37128734588623049},"rotation":{"x":-0.17670203745365144,"y":0.0966910794377327,"z":-0.01745663583278656,"w":-0.9794055819511414},"size":5.649780750274658,"orthographic":true}